offer_id,customer_id,coupon_id,offer_date,channel
1,289,1,2025-09-11,App Notification
2,133,4,2025-01-15,App Notification
3,129,5,2025-02-04,App Notification
4,257,8,2025-06-15,App Notification
5,254,4,2025-03-09,Email
6,205,2,2025-09-02,Homepage Banner
7,121,4,2025-01-01,App Notification
8,135,4,2025-10-23,SMS
9,45,7,2025-10-10,App Notification
10,273,8,2025-08-29,SMS
11,105,8,2025-08-23,Homepage Banner
12,251,2,2025-02-27,App Notification
13,39,1,2025-02-08,App Notification
14,18,3,2025-02-04,Homepage Banner
15,143,1,2025-02-20,App Notification
16,266,8,2025-07-03,Homepage Banner
17,156,1,2025-11-05,Homepage Banner
18,229,8,2025-06-14,App Notification
19,40,4,2025-07-26,App Notification
20,94,7,2025-11-14,Homepage Banner
21,258,5,2025-12-06,Homepage Banner
22,194,3,2025-02-10,SMS
23,39,1,2025-07-01,App Notification
24,299,6,2025-11-02,SMS
25,242,4,2025-03-03,Homepage Banner
26,199,1,2025-07-31,Homepage Banner
27,13,4,2025-06-12,Email
28,86,8,2025-08-10,SMS
29,132,2,2025-06-25,Homepage Banner
30,119,3,2025-08-10,SMS
31,160,5,2025-12-12,App Notification
32,95,6,2025-07-05,Email
33,173,8,2025-08-06,App Notification
34,109,1,2025-07-06,Homepage Banner
35,197,2,2025-05-23,Homepage Banner
36,99,8,2025-07-07,Homepage Banner
37,27,6,2025-07-07,Homepage Banner
38,103,7,2025-10-31,App Notification
39,53,8,2025-08-13,SMS
40,290,3,2025-04-27,Homepage Banner
41,66,7,2025-10-01,SMS
42,204,4,2025-05-20,SMS
43,265,7,2025-11-01,App Notification
44,181,6,2025-05-29,SMS
45,262,8,2025-08-09,Email
46,179,3,2025-08-10,SMS
47,268,8,2025-08-16,Homepage Banner
48,192,6,2025-12-03,Email
49,286,7,2025-10-22,Homepage Banner
50,154,8,2025-08-16,Homepage Banner
51,290,1,2025-02-09,App Notification
52,250,7,2025-10-03,App Notification
53,200,1,2025-11-18,Email
54,106,8,2025-08-21,SMS
55,249,3,2025-04-11,SMS
56,181,1,2025-09-08,Homepage Banner
57,248,4,2025-07-07,App Notification
58,255,2,2025-09-25,App Notification
59,141,4,2025-10-30,Homepage Banner
60,101,2,2025-04-16,SMS
61,55,4,2025-07-08,Email
62,263,4,2025-04-01,App Notification
63,141,4,2025-10-15,Homepage Banner
64,214,5,2025-08-31,Email
65,215,1,2025-06-24,SMS
66,222,7,2025-10-05,Email
67,88,4,2025-07-07,Email
68,1,4,2025-10-16,Email
69,289,1,2025-03-28,App Notification
70,154,8,2025-07-21,App Notification
71,186,6,2025-07-07,Homepage Banner
72,118,5,2025-08-17,SMS
73,97,6,2025-09-06,SMS
74,97,6,2025-03-22,Email
75,196,7,2025-10-13,Email
76,88,3,2025-12-03,App Notification
77,113,4,2025-07-30,Email
78,206,2,2025-12-05,App Notification
79,127,7,2025-10-02,SMS
80,196,3,2025-01-15,App Notification
81,55,3,2025-05-18,App Notification
82,243,3,2025-07-10,Email
83,32,7,2025-10-30,Homepage Banner
84,78,6,2025-10-02,Email
85,185,3,2025-01-10,Homepage Banner
86,271,4,2025-09-03,Homepage Banner
87,102,7,2025-10-18,Homepage Banner
88,22,2,2025-01-28,Email
89,196,4,2025-10-12,Email
90,148,4,2025-09-06,SMS
91,159,7,2025-10-31,Email
92,157,3,2025-01-21,Homepage Banner
93,212,6,2025-01-08,Email
94,222,2,2025-04-21,SMS
95,50,7,2025-10-03,SMS
96,247,2,2025-08-10,App Notification
97,277,4,2025-01-21,Homepage Banner
98,223,8,2025-07-21,SMS
99,40,3,2025-10-27,App Notification
100,86,7,2025-10-14,Homepage Banner
101,151,7,2025-11-12,Homepage Banner
102,258,1,2025-07-14,SMS
103,7,4,2025-12-24,Email
104,191,8,2025-06-20,Email
105,2,5,2025-04-28,Email
106,2,5,2025-03-19,Homepage Banner
107,135,3,2025-12-27,SMS
108,98,4,2025-09-07,Email
109,204,3,2025-03-02,Homepage Banner
110,298,5,2025-04-12,SMS
111,107,5,2025-07-28,App Notification
112,251,6,2025-03-06,Email
113,225,5,2025-08-27,SMS
114,244,1,2025-12-02,App Notification
115,103,8,2025-07-21,App Notification
116,1,5,2025-01-27,Email
117,225,7,2025-11-13,App Notification
118,289,2,2025-08-29,Email
119,286,2,2025-09-02,Homepage Banner
120,96,7,2025-10-22,App Notification
121,248,2,2025-01-27,App Notification
122,228,1,2025-02-26,Homepage Banner
123,2,6,2025-05-10,App Notification
124,77,4,2025-01-20,SMS
125,15,5,2025-08-04,App Notification
126,197,4,2025-01-03,Homepage Banner
127,273,4,2025-08-01,App Notification
128,169,5,2025-10-22,App Notification
129,221,1,2025-07-23,App Notification
130,161,6,2025-08-02,SMS
131,289,2,2025-08-29,Email
132,178,5,2025-12-02,SMS
133,223,6,2025-04-05,Homepage Banner
134,14,7,2025-11-07,Homepage Banner
135,201,1,2025-01-22,App Notification
136,185,4,2025-07-22,Homepage Banner
137,242,2,2025-01-15,Email
138,269,4,2025-02-04,Homepage Banner
139,17,4,2025-03-16,Homepage Banner
140,34,2,2025-08-31,Email
141,247,8,2025-06-12,Homepage Banner
142,55,2,2025-11-19,Homepage Banner
143,296,8,2025-06-29,Email
144,33,6,2025-10-23,App Notification
145,58,5,2025-05-28,Email
146,205,3,2025-10-05,Email
147,139,6,2025-03-04,SMS
148,144,8,2025-08-29,SMS
149,33,1,2025-04-17,App Notification
150,58,7,2025-10-04,App Notification
151,287,2,2025-12-29,Email
152,78,8,2025-07-05,SMS
153,265,8,2025-07-15,SMS
154,244,2,2025-11-15,Email
155,208,4,2025-03-15,App Notification
156,285,1,2025-04-06,Homepage Banner
157,76,4,2025-10-31,Homepage Banner
158,85,5,2025-07-30,SMS
159,298,1,2025-03-27,Email
160,254,4,2025-09-29,App Notification
161,208,7,2025-10-04,Homepage Banner
162,84,8,2025-08-23,Email
163,172,4,2025-05-21,App Notification
164,103,1,2025-08-12,Homepage Banner
165,219,1,2025-10-05,Homepage Banner
166,221,8,2025-08-03,Homepage Banner
167,255,3,2025-08-05,Email
168,72,6,2025-02-16,SMS
169,77,6,2025-12-07,Email
170,47,3,2025-08-02,Homepage Banner
171,80,5,2025-04-08,App Notification
172,20,2,2025-11-03,Email
173,254,7,2025-10-03,Homepage Banner
174,275,5,2025-12-23,Homepage Banner
175,179,7,2025-10-05,SMS
176,115,2,2025-06-03,Homepage Banner
177,15,2,2025-09-25,Email
178,178,3,2025-10-08,Homepage Banner
179,78,3,2025-11-04,Email
180,32,3,2025-06-14,Homepage Banner
181,220,6,2025-08-14,SMS
182,78,2,2025-03-07,SMS
183,191,6,2025-03-17,Homepage Banner
184,240,4,2025-03-29,SMS
185,110,4,2025-02-19,App Notification
186,245,8,2025-07-22,Email
187,113,2,2025-07-27,SMS
188,5,5,2025-08-26,App Notification
189,106,6,2025-05-07,Homepage Banner
190,87,4,2025-03-31,Email
191,211,4,2025-11-10,Homepage Banner
192,177,6,2025-11-23,Homepage Banner
193,100,8,2025-08-07,Email
194,42,8,2025-06-26,Email
195,226,1,2025-05-07,SMS
196,283,5,2025-05-12,SMS
197,149,4,2025-01-24,Homepage Banner
198,179,8,2025-06-30,Email
199,257,7,2025-10-20,SMS
200,128,7,2025-10-19,Homepage Banner
201,271,1,2025-02-09,App Notification
202,284,4,2025-06-01,App Notification
203,260,8,2025-07-19,SMS
204,181,7,2025-10-09,SMS
205,235,5,2025-07-20,Homepage Banner
206,258,5,2025-10-12,Email
207,144,6,2025-10-10,SMS
208,172,1,2025-06-25,SMS
209,258,6,2025-09-29,SMS
210,209,2,2025-09-03,App Notification
211,156,2,2025-12-05,SMS
212,87,8,2025-07-13,Homepage Banner
213,197,8,2025-07-20,SMS
214,249,7,2025-10-08,Email
215,87,4,2025-02-25,App Notification
216,258,2,2025-07-21,Homepage Banner
217,244,8,2025-06-11,Homepage Banner
218,281,3,2025-12-18,Email
219,253,4,2025-10-24,Email
220,263,3,2025-03-16,App Notification
221,117,2,2025-09-25,SMS
222,101,5,2025-03-29,SMS
223,99,4,2025-04-25,App Notification
224,211,4,2025-09-26,Homepage Banner
225,59,3,2025-08-18,Homepage Banner
226,85,7,2025-10-19,Email
227,87,5,2025-11-22,SMS
228,244,5,2025-02-19,Email
229,26,3,2025-10-05,Email
230,87,5,2025-12-19,App Notification
231,292,4,2025-06-14,Email
232,27,6,2025-11-12,SMS
233,85,3,2025-08-30,App Notification
234,130,6,2025-04-24,App Notification
235,195,6,2025-05-05,App Notification
236,41,3,2025-09-09,Email
237,204,5,2025-03-24,Homepage Banner
238,203,5,2025-07-09,SMS
239,276,5,2025-03-18,App Notification
240,178,2,2025-06-21,SMS
241,49,8,2025-07-19,Homepage Banner
242,50,8,2025-06-19,App Notification
243,10,3,2025-10-12,Email
244,134,2,2025-12-30,Email
245,277,6,2025-09-01,SMS
246,169,3,2025-04-08,App Notification
247,59,2,2025-09-08,SMS
248,106,8,2025-08-11,App Notification
249,228,3,2025-07-09,Email
250,100,6,2025-10-16,App Notification
251,266,2,2025-04-14,SMS
252,281,6,2025-11-22,SMS
253,121,2,2025-08-06,Email
254,27,5,2025-10-12,SMS
255,48,5,2025-06-11,SMS
256,31,3,2025-09-29,App Notification
257,247,8,2025-08-17,Homepage Banner
258,261,7,2025-10-01,Email
259,293,1,2025-05-20,SMS
260,110,4,2025-12-02,Homepage Banner
261,162,3,2025-06-18,SMS
262,144,3,2025-11-03,SMS
263,149,8,2025-07-14,Homepage Banner
264,43,1,2025-12-27,App Notification
265,280,4,2025-09-12,App Notification
266,235,5,2025-12-30,Email
267,120,2,2025-01-21,App Notification
268,24,2,2025-04-26,Email
269,171,4,2025-09-04,Email
270,9,3,2025-06-04,Email
271,64,1,2025-03-31,Email
272,106,5,2025-11-12,Homepage Banner
273,149,1,2025-03-17,SMS
274,49,8,2025-06-07,SMS
275,177,2,2025-09-29,Email
276,299,5,2025-01-10,Homepage Banner
277,170,1,2025-08-05,Email
278,37,3,2025-09-19,SMS
279,196,5,2025-08-31,Homepage Banner
280,58,7,2025-10-19,Homepage Banner
281,225,5,2025-06-17,SMS
282,53,8,2025-08-10,SMS
283,88,6,2025-05-01,SMS
284,184,1,2025-09-12,Email
285,130,2,2025-07-15,Email
286,63,2,2025-02-07,Homepage Banner
287,146,7,2025-10-05,App Notification
288,211,3,2025-05-24,Homepage Banner
289,225,8,2025-07-16,Email
290,20,8,2025-08-16,Email
291,179,7,2025-10-08,App Notification
292,4,5,2025-09-08,Homepage Banner
293,267,8,2025-08-09,Email
294,249,8,2025-06-16,Email
295,212,8,2025-07-04,SMS
296,150,7,2025-10-12,SMS
297,119,5,2025-04-26,App Notification
298,47,8,2025-06-19,Email
299,274,6,2025-01-10,Email
300,254,6,2025-01-17,Email
301,148,5,2025-07-03,Email
302,176,4,2025-09-19,SMS
303,193,1,2025-09-25,App Notification
304,232,8,2025-06-13,App Notification
305,121,7,2025-11-08,Email
306,255,1,2025-01-08,App Notification
307,293,8,2025-06-16,Email
308,104,3,2025-07-11,App Notification
309,190,8,2025-08-24,App Notification
310,53,4,2025-09-26,App Notification
311,283,4,2025-12-06,Email
312,89,5,2025-12-03,App Notification
313,95,6,2025-01-13,Email
314,187,4,2025-08-20,SMS
315,256,4,2025-04-23,App Notification
316,97,7,2025-10-27,Homepage Banner
317,154,7,2025-10-07,App Notification
318,110,8,2025-07-09,Homepage Banner
319,178,8,2025-06-13,App Notification
320,126,2,2025-03-01,SMS
321,155,1,2025-09-07,Homepage Banner
322,11,3,2025-08-05,App Notification
323,283,1,2025-07-31,Homepage Banner
324,51,3,2025-06-01,Homepage Banner
325,53,5,2025-04-09,App Notification
326,1,1,2025-03-11,SMS
327,270,4,2025-12-21,App Notification
328,22,8,2025-06-12,App Notification
329,62,5,2025-08-15,Homepage Banner
330,216,8,2025-07-30,Email
331,291,4,2025-08-07,App Notification
332,255,3,2025-11-07,App Notification
333,148,4,2025-04-24,SMS
334,3,4,2025-08-18,Email
335,150,2,2025-07-13,Homepage Banner
336,229,2,2025-10-09,Homepage Banner
337,125,4,2025-08-08,App Notification
338,118,4,2025-10-08,Homepage Banner
339,294,8,2025-07-09,Homepage Banner
340,274,7,2025-10-22,App Notification
341,47,5,2025-04-04,SMS
342,117,3,2025-07-22,Email
343,108,5,2025-05-06,Homepage Banner
344,171,1,2025-10-12,App Notification
345,2,7,2025-10-16,Homepage Banner
346,253,2,2025-02-08,Email
347,107,4,2025-07-26,Email
348,144,4,2025-07-23,Homepage Banner
349,207,4,2025-01-19,SMS
350,67,5,2025-12-24,App Notification
351,232,5,2025-05-27,Email
352,49,1,2025-07-12,App Notification
353,199,6,2025-07-04,Homepage Banner
354,282,2,2025-01-07,SMS
355,242,2,2025-12-30,Email
356,75,1,2025-01-30,Homepage Banner
357,134,7,2025-10-27,App Notification
358,200,2,2025-02-13,Homepage Banner
359,108,8,2025-06-14,Email
360,234,3,2025-02-01,App Notification
361,272,4,2025-09-17,Homepage Banner
362,191,7,2025-10-04,Homepage Banner
363,109,6,2025-02-18,App Notification
364,153,4,2025-09-18,App Notification
365,181,7,2025-11-01,App Notification
366,289,2,2025-05-21,SMS
367,22,2,2025-06-26,App Notification
368,71,3,2025-03-29,Homepage Banner
369,24,7,2025-10-24,Email
370,286,4,2025-01-19,SMS
371,119,3,2025-11-04,Email
372,33,5,2025-11-06,App Notification
373,53,4,2025-03-13,Email
374,126,6,2025-05-27,Email
375,57,6,2025-10-01,SMS
376,281,2,2025-06-21,App Notification
377,106,7,2025-10-23,App Notification
378,299,2,2025-11-28,Email
379,177,2,2025-06-17,Email
380,148,1,2025-07-26,Email
381,299,6,2025-10-29,Email
382,131,6,2025-12-28,Homepage Banner
383,94,4,2025-10-02,Homepage Banner
384,255,5,2025-12-18,SMS
385,219,4,2025-01-25,Email
386,284,5,2025-10-30,Email
387,291,4,2025-10-04,App Notification
388,201,2,2025-08-28,Email
389,219,1,2025-04-20,Homepage Banner
390,145,1,2025-03-09,SMS
391,114,3,2025-10-01,Email
392,159,6,2025-08-13,SMS
393,11,3,2025-09-09,Email
394,21,6,2025-03-13,SMS
395,265,5,2025-12-20,App Notification
396,70,4,2025-08-11,Email
397,260,8,2025-06-25,Email
398,32,2,2025-03-18,App Notification
399,196,8,2025-07-11,Homepage Banner
400,34,1,2025-01-07,Homepage Banner
401,279,1,2025-09-30,SMS
402,209,1,2025-07-31,Email
403,2,3,2025-10-13,Email
404,106,8,2025-07-27,App Notification
405,220,3,2025-05-06,Email
406,281,1,2025-07-01,App Notification
407,217,5,2025-01-02,Homepage Banner
408,91,7,2025-10-21,App Notification
409,269,7,2025-10-26,SMS
410,75,8,2025-08-10,App Notification
411,104,6,2025-05-03,App Notification
412,234,4,2025-08-05,SMS
413,142,1,2025-02-02,App Notification
414,204,6,2025-09-08,Homepage Banner
415,152,4,2025-01-15,Homepage Banner
416,118,7,2025-11-12,SMS
417,75,5,2025-06-19,Homepage Banner
418,66,6,2025-10-06,Email
419,69,8,2025-06-20,Homepage Banner
420,252,1,2025-02-15,Email
421,21,8,2025-06-03,App Notification
422,35,4,2025-08-13,Email
423,75,4,2025-08-15,App Notification
424,73,1,2025-03-11,Homepage Banner
425,40,2,2025-08-28,Homepage Banner
426,55,6,2025-09-27,SMS
427,96,5,2025-06-21,Email
428,131,5,2025-07-08,Email
429,97,3,2025-08-15,Email
430,34,2,2025-05-01,Homepage Banner
431,159,1,2025-04-08,Homepage Banner
432,90,4,2025-07-31,SMS
433,153,1,2025-05-10,Homepage Banner
434,237,4,2025-02-04,Homepage Banner
435,182,4,2025-08-06,Email
436,17,2,2025-10-11,SMS
437,260,4,2025-04-19,SMS
438,181,2,2025-01-27,SMS
439,74,1,2025-12-14,Email
440,177,8,2025-06-22,SMS
441,54,6,2025-09-13,Homepage Banner
442,230,2,2025-06-06,App Notification
443,123,4,2025-07-19,App Notification
444,227,6,2025-08-15,SMS
445,49,1,2025-06-08,App Notification
446,184,5,2025-04-17,App Notification
447,191,2,2025-02-10,Email
448,211,5,2025-12-17,App Notification
449,231,1,2025-10-21,SMS
450,277,5,2025-07-17,App Notification
451,110,1,2025-09-21,Homepage Banner
452,53,1,2025-06-16,App Notification
453,151,8,2025-07-03,Homepage Banner
454,70,6,2025-08-22,Email
455,76,7,2025-10-28,Homepage Banner
456,249,3,2025-04-13,Homepage Banner
457,220,8,2025-08-05,Homepage Banner
458,43,7,2025-10-20,SMS
459,138,7,2025-11-14,SMS
460,161,4,2025-05-29,Homepage Banner
461,2,6,2025-05-11,Homepage Banner
462,191,5,2025-12-21,Homepage Banner
463,296,4,2025-10-19,SMS
464,215,2,2025-05-30,SMS
465,106,8,2025-07-12,Email
466,118,5,2025-04-26,SMS
467,295,5,2025-08-20,Email
468,189,7,2025-10-13,SMS
469,184,4,2025-08-31,SMS
470,25,5,2025-05-08,SMS
471,16,6,2025-06-16,Email
472,211,3,2025-04-07,SMS
473,221,5,2025-12-20,Homepage Banner
474,213,3,2025-08-06,SMS
475,171,5,2025-06-12,Homepage Banner
476,250,2,2025-08-14,Homepage Banner
477,31,1,2025-06-20,Homepage Banner
478,269,7,2025-10-02,SMS
479,298,5,2025-10-26,SMS
480,211,5,2025-06-23,App Notification
481,247,7,2025-10-09,App Notification
482,65,4,2025-11-20,Email
483,53,8,2025-07-28,App Notification
484,28,6,2025-08-20,Email
485,22,5,2025-11-27,App Notification
486,147,5,2025-06-25,Email
487,205,4,2025-08-02,SMS
488,61,3,2025-05-16,Email
489,114,5,2025-12-20,App Notification
490,34,4,2025-01-04,Homepage Banner
491,28,5,2025-11-09,Email
492,284,3,2025-04-05,SMS
493,287,3,2025-01-31,Homepage Banner
494,105,2,2025-05-14,Homepage Banner
495,96,7,2025-11-10,App Notification
496,83,3,2025-12-23,SMS
497,1,6,2025-02-22,Homepage Banner
498,201,8,2025-08-28,SMS
499,278,3,2025-04-02,SMS
500,148,2,2025-02-15,Email
501,4,6,2025-01-16,Email
502,12,7,2025-10-26,App Notification
503,129,4,2025-05-11,Homepage Banner
504,170,8,2025-06-03,Email
505,33,3,2025-06-25,App Notification
506,74,3,2025-01-03,Email
507,186,3,2025-05-21,Homepage Banner
508,128,4,2025-07-27,App Notification
509,98,7,2025-11-05,Homepage Banner
510,61,8,2025-06-13,App Notification
511,261,3,2025-01-08,Email
512,90,8,2025-08-28,Email
513,286,8,2025-08-04,Email
514,81,3,2025-07-14,Email
515,134,1,2025-04-16,Homepage Banner
516,2,2,2025-08-18,App Notification
517,245,3,2025-04-08,Email
518,168,6,2025-05-14,Email
519,248,8,2025-07-05,Email
520,84,8,2025-08-24,Homepage Banner
521,184,3,2025-07-08,Email
522,76,4,2025-03-09,Homepage Banner
523,2,2,2025-06-13,App Notification
524,23,4,2025-01-19,Email
525,65,8,2025-07-07,App Notification
526,274,5,2025-09-26,App Notification
527,244,7,2025-10-19,App Notification
528,267,5,2025-10-06,SMS
529,298,2,2025-07-13,Email
530,236,3,2025-10-15,Homepage Banner
531,66,6,2025-10-16,SMS
532,17,6,2025-04-10,Homepage Banner
533,32,8,2025-06-04,SMS
534,41,6,2025-12-05,App Notification
535,199,8,2025-07-17,App Notification
536,26,5,2025-01-04,Homepage Banner
537,250,1,2025-05-04,Homepage Banner
538,161,4,2025-05-20,Email
539,104,8,2025-08-05,SMS
540,285,6,2025-06-12,Email
541,265,5,2025-12-29,Homepage Banner
542,57,6,2025-10-29,Homepage Banner
543,166,2,2025-07-23,Homepage Banner
544,123,4,2025-12-01,Email
545,209,3,2025-06-26,App Notification
546,73,5,2025-03-16,Homepage Banner
547,290,4,2025-01-20,SMS
548,98,8,2025-07-09,Homepage Banner
549,231,6,2025-01-16,SMS
550,31,6,2025-07-11,Email
551,293,2,2025-11-10,Email
552,292,1,2025-06-11,App Notification
553,290,8,2025-07-12,Homepage Banner
554,220,2,2025-09-10,Email
555,297,7,2025-10-05,SMS
556,103,4,2025-10-03,SMS
557,248,7,2025-11-10,Email
558,297,3,2025-04-24,SMS
559,227,4,2025-03-11,Homepage Banner
560,142,1,2025-03-30,Homepage Banner
561,261,5,2025-09-17,Email
562,273,8,2025-07-15,SMS
563,198,2,2025-08-12,App Notification
564,221,6,2025-09-14,Homepage Banner
565,280,5,2025-03-30,App Notification
566,12,7,2025-10-31,SMS
567,14,8,2025-08-10,Homepage Banner
568,54,1,2025-09-03,SMS
569,136,7,2025-10-29,SMS
570,224,6,2025-06-15,Email
571,162,7,2025-11-05,Homepage Banner
572,244,4,2025-03-24,SMS
573,241,1,2025-09-10,Homepage Banner
574,156,6,2025-05-04,SMS
575,100,8,2025-06-27,Email
576,283,1,2025-10-18,Homepage Banner
577,177,2,2025-08-09,App Notification
578,91,1,2025-08-16,SMS
579,157,3,2025-04-09,App Notification
580,140,4,2025-12-26,Email
581,293,2,2025-10-31,SMS
582,234,3,2025-03-07,App Notification
583,125,6,2025-11-12,SMS
584,59,5,2025-05-20,Homepage Banner
585,295,5,2025-11-25,Homepage Banner
586,215,5,2025-04-05,App Notification
587,251,6,2025-03-06,Email
588,49,5,2025-05-10,Homepage Banner
589,246,6,2025-03-13,Email
590,73,2,2025-04-25,Homepage Banner
591,132,2,2025-02-01,SMS
592,282,4,2025-11-22,Email
593,51,7,2025-11-05,App Notification
594,59,1,2025-10-23,Email
595,9,7,2025-10-04,SMS
596,284,4,2025-05-25,Homepage Banner
597,159,1,2025-04-08,Homepage Banner
598,123,7,2025-10-03,Email
599,261,3,2025-12-27,Email
600,228,4,2025-07-03,SMS
601,151,5,2025-06-30,Email
602,12,3,2025-12-11,Homepage Banner
603,296,1,2025-12-13,Email
604,132,1,2025-11-20,Email
605,39,5,2025-06-26,Homepage Banner
606,259,5,2025-11-21,Email
607,148,2,2025-01-24,Email
608,246,5,2025-02-01,Homepage Banner
609,53,3,2025-03-04,App Notification
610,184,1,2025-07-10,Homepage Banner
611,272,2,2025-04-18,Homepage Banner
612,254,8,2025-06-28,Email
613,142,3,2025-03-30,App Notification
614,79,1,2025-07-23,Homepage Banner
615,132,5,2025-04-03,Homepage Banner
616,259,3,2025-03-22,SMS
617,61,2,2025-12-09,SMS
618,109,8,2025-07-26,Email
619,100,1,2025-01-08,App Notification
620,284,3,2025-10-27,Email
621,71,8,2025-08-20,App Notification
622,102,7,2025-11-13,Email
623,46,8,2025-08-26,App Notification
624,61,7,2025-10-09,Email
625,129,8,2025-08-19,Homepage Banner
626,245,7,2025-10-22,Email
627,37,8,2025-07-16,SMS
628,29,5,2025-04-30,SMS
629,280,8,2025-08-04,Homepage Banner
630,275,2,2025-04-01,Email
631,125,6,2025-01-06,SMS
632,223,5,2025-12-21,App Notification
633,158,3,2025-12-30,SMS
634,174,4,2025-08-01,Email
635,143,1,2025-07-24,App Notification
636,71,8,2025-07-07,Homepage Banner
637,270,7,2025-11-13,App Notification
638,265,8,2025-08-04,App Notification
639,99,8,2025-08-07,SMS
640,286,7,2025-10-12,Email
641,298,7,2025-10-14,Email
642,100,6,2025-08-15,SMS
643,272,2,2025-06-24,SMS
644,262,8,2025-07-02,Email
645,89,5,2025-11-13,App Notification
646,62,5,2025-11-20,Email
647,100,2,2025-11-15,SMS
648,267,2,2025-06-10,SMS
649,49,6,2025-09-05,SMS
650,252,3,2025-06-19,Homepage Banner
651,80,4,2025-12-26,Homepage Banner
652,33,8,2025-06-13,Email
653,36,8,2025-07-22,App Notification
654,283,6,2025-07-06,SMS
655,56,5,2025-08-22,SMS
656,55,7,2025-10-28,Email
657,57,7,2025-10-03,Homepage Banner
658,280,2,2025-03-13,App Notification
659,218,7,2025-10-13,Homepage Banner
660,182,3,2025-06-21,SMS
661,57,7,2025-10-08,Email
662,66,7,2025-10-24,Homepage Banner
663,294,8,2025-08-03,SMS
664,12,3,2025-07-23,SMS
665,17,1,2025-04-02,Homepage Banner
666,160,1,2025-02-05,Homepage Banner
667,240,8,2025-08-28,Email
668,185,3,2025-10-02,SMS
669,46,2,2025-10-01,Homepage Banner
670,71,5,2025-01-11,SMS
671,39,6,2025-02-26,Homepage Banner
672,76,7,2025-11-05,Homepage Banner
673,174,7,2025-10-03,App Notification
674,191,1,2025-08-27,Email
675,93,5,2025-03-04,Homepage Banner
676,291,7,2025-10-04,App Notification
677,147,4,2025-04-26,Email
678,85,5,2025-05-25,SMS
679,116,6,2025-08-01,Homepage Banner
680,56,2,2025-07-07,Homepage Banner
681,121,3,2025-03-23,Homepage Banner
682,93,7,2025-10-26,SMS
683,128,6,2025-06-04,Homepage Banner
684,19,7,2025-10-12,Homepage Banner
685,152,5,2025-11-04,SMS
686,216,4,2025-03-01,SMS
687,248,5,2025-01-02,App Notification
688,236,4,2025-08-17,Email
689,296,6,2025-06-10,SMS
690,213,3,2025-09-18,App Notification
691,189,6,2025-09-21,Homepage Banner
692,266,1,2025-10-21,App Notification
693,100,8,2025-06-24,SMS
694,295,1,2025-01-26,Email
695,254,6,2025-11-21,Homepage Banner
696,171,4,2025-09-27,SMS
697,192,7,2025-10-17,App Notification
698,19,5,2025-03-18,App Notification
699,223,1,2025-07-10,App Notification
700,300,7,2025-11-11,Homepage Banner
701,279,3,2025-06-05,Homepage Banner
702,179,7,2025-10-04,Homepage Banner
703,54,4,2025-03-04,App Notification
704,191,4,2025-03-02,SMS
705,143,1,2025-08-01,Homepage Banner
706,203,3,2025-05-06,Email
707,273,5,2025-09-21,Homepage Banner
708,162,7,2025-10-23,Email
709,28,5,2025-03-10,SMS
710,46,5,2025-04-23,SMS
711,267,4,2025-03-24,Email
712,202,1,2025-12-02,Email
713,138,8,2025-07-31,App Notification
714,281,5,2025-08-16,Homepage Banner
715,181,4,2025-09-07,Email
716,68,3,2025-03-13,Email
717,130,8,2025-06-30,Email
718,98,8,2025-06-14,Email
719,108,8,2025-08-20,Homepage Banner
720,279,6,2025-09-21,Email
721,110,4,2025-02-16,Email
722,93,4,2025-10-02,Homepage Banner
723,187,8,2025-06-20,App Notification
724,106,2,2025-04-23,Email
725,121,1,2025-07-25,Email
726,262,6,2025-02-22,App Notification
727,92,7,2025-10-21,Homepage Banner
728,72,8,2025-08-30,Homepage Banner
729,242,5,2025-06-02,Homepage Banner
730,99,7,2025-10-30,SMS
731,30,5,2025-07-30,Email
732,239,6,2025-11-10,Homepage Banner
733,81,4,2025-08-08,Homepage Banner
734,186,5,2025-01-21,App Notification
735,232,7,2025-10-29,SMS
736,6,4,2025-11-08,Email
737,66,7,2025-11-13,SMS
738,188,5,2025-06-01,SMS
739,148,4,2025-06-28,SMS
740,1,4,2025-08-01,Homepage Banner
741,42,3,2025-01-31,SMS
742,144,3,2025-11-06,App Notification
743,39,5,2025-08-28,SMS
744,78,6,2025-02-20,Homepage Banner
745,262,5,2025-02-14,SMS
746,266,7,2025-10-17,Homepage Banner
747,176,6,2025-02-14,Homepage Banner
748,3,1,2025-11-25,SMS
749,283,7,2025-10-27,Homepage Banner
750,131,5,2025-09-11,App Notification
751,24,2,2025-02-24,Homepage Banner
752,158,2,2025-05-16,Homepage Banner
753,258,1,2025-03-22,SMS
754,269,6,2025-01-16,SMS
755,148,5,2025-02-04,App Notification
756,126,2,2025-12-14,App Notification
757,132,6,2025-09-11,Email
758,166,3,2025-12-16,Homepage Banner
759,195,1,2025-03-20,App Notification
760,291,7,2025-11-05,Email
761,31,3,2025-07-15,SMS
762,151,1,2025-02-21,Homepage Banner
763,197,8,2025-07-15,Email
764,126,2,2025-07-27,SMS
765,63,3,2025-11-17,SMS
766,293,3,2025-03-22,Homepage Banner
767,59,5,2025-05-28,App Notification
768,94,7,2025-10-16,SMS
769,106,7,2025-10-14,Homepage Banner
770,193,1,2025-08-06,App Notification
771,254,5,2025-10-26,Email
772,233,1,2025-04-17,Email
773,203,3,2025-08-08,Email
774,278,3,2025-04-02,Email
775,120,6,2025-09-22,Email
776,258,1,2025-08-21,App Notification
777,56,2,2025-09-05,Email
778,97,6,2025-07-16,App Notification
779,49,7,2025-10-04,Homepage Banner
780,249,1,2025-05-12,Email
781,22,6,2025-04-10,App Notification
782,212,1,2025-01-12,Email
783,83,3,2025-08-21,App Notification
784,148,1,2025-01-19,Homepage Banner
785,4,6,2025-10-27,Email
786,191,1,2025-04-20,App Notification
787,9,1,2025-09-18,SMS
788,150,3,2025-09-20,App Notification
789,144,2,2025-04-03,Email
790,206,6,2025-09-30,Homepage Banner
791,50,1,2025-01-19,SMS
792,201,6,2025-08-12,SMS
793,20,1,2025-10-23,App Notification
794,223,4,2025-05-31,App Notification
795,60,2,2025-08-05,Homepage Banner
796,86,8,2025-06-02,Email
797,237,4,2025-11-08,App Notification
798,98,6,2025-10-14,Email
799,221,4,2025-04-30,App Notification
800,129,3,2025-01-30,SMS
801,123,3,2025-09-08,Homepage Banner
802,268,6,2025-08-13,Email
803,229,1,2025-01-25,App Notification
804,81,1,2025-08-10,Email
805,220,8,2025-07-02,SMS
806,49,3,2025-09-25,Homepage Banner
807,295,4,2025-04-16,Homepage Banner
808,117,8,2025-08-22,SMS
809,281,8,2025-07-11,App Notification
810,123,2,2025-11-06,Email
811,37,8,2025-08-24,Email
812,29,1,2025-07-18,App Notification
813,259,8,2025-08-26,App Notification
814,241,1,2025-05-20,Email
815,70,1,2025-03-16,SMS
816,222,1,2025-03-27,SMS
817,108,1,2025-01-12,App Notification
818,207,8,2025-06-24,SMS
819,6,5,2025-06-05,App Notification
820,2,8,2025-07-24,App Notification
821,170,1,2025-11-02,Email
822,281,2,2025-09-25,Homepage Banner
823,42,7,2025-11-06,App Notification
824,77,5,2025-12-07,Email
825,70,8,2025-07-02,Email
826,65,1,2025-03-12,Homepage Banner
827,157,6,2025-04-05,App Notification
828,243,2,2025-03-08,Email
829,15,2,2025-02-20,App Notification
830,101,4,2025-12-23,Email
831,205,3,2025-04-03,Email
832,86,1,2025-07-27,SMS
833,280,2,2025-03-29,App Notification
834,163,7,2025-10-09,Homepage Banner
835,9,2,2025-07-31,Homepage Banner
836,269,7,2025-10-24,SMS
837,107,7,2025-11-11,Email
838,254,7,2025-10-24,App Notification
839,52,6,2025-03-12,App Notification
840,228,3,2025-05-27,App Notification
841,197,5,2025-07-10,SMS
842,93,4,2025-01-12,Homepage Banner
843,77,5,2025-01-02,Email
844,69,2,2025-06-07,Homepage Banner
845,106,1,2025-03-27,Email
846,117,3,2025-12-23,Homepage Banner
847,74,8,2025-08-04,Email
848,55,2,2025-05-26,App Notification
849,133,4,2025-12-13,App Notification
850,68,2,2025-08-24,Email
851,78,4,2025-07-31,App Notification
852,107,5,2025-07-08,SMS
853,220,8,2025-06-06,App Notification
854,291,6,2025-02-21,SMS
855,260,7,2025-10-15,App Notification
856,193,4,2025-03-27,Homepage Banner
857,44,7,2025-10-11,App Notification
858,26,1,2025-03-16,SMS
859,125,5,2025-10-30,Email
860,121,3,2025-01-16,Homepage Banner
861,8,2,2025-04-28,SMS
862,201,2,2025-01-11,App Notification
863,99,7,2025-10-02,App Notification
864,239,6,2025-04-13,Email
865,138,5,2025-01-20,Homepage Banner
866,227,5,2025-01-26,App Notification
867,130,3,2025-09-18,SMS
868,21,5,2025-12-22,App Notification
869,174,3,2025-12-05,App Notification
870,193,6,2025-11-08,SMS
871,77,2,2025-04-17,App Notification
872,267,1,2025-08-14,Email
873,268,4,2025-01-05,Homepage Banner
874,56,7,2025-11-06,Homepage Banner
875,105,7,2025-10-30,App Notification
876,191,8,2025-06-01,App Notification
877,173,6,2025-09-21,App Notification
878,39,2,2025-01-15,Homepage Banner
879,180,1,2025-12-25,Homepage Banner
880,222,1,2025-01-10,App Notification
881,240,6,2025-09-06,SMS
882,122,1,2025-03-09,Email
883,159,7,2025-10-24,Email
884,289,4,2025-07-04,SMS
885,8,3,2025-07-02,Email
886,135,6,2025-03-14,Email
887,190,8,2025-07-13,Email
888,223,8,2025-08-29,SMS
889,103,6,2025-08-06,App Notification
890,154,6,2025-03-06,SMS
891,199,3,2025-08-28,Email
892,145,7,2025-10-26,Homepage Banner
893,228,8,2025-06-02,Homepage Banner
894,296,4,2025-02-28,App Notification
895,289,7,2025-10-24,Email
896,262,2,2025-09-09,SMS
897,159,3,2025-03-25,Email
898,208,8,2025-08-27,Email
899,231,5,2025-10-26,SMS
900,63,8,2025-08-29,Homepage Banner
901,135,2,2025-12-19,Homepage Banner
902,66,3,2025-12-13,Email
903,158,6,2025-06-09,App Notification
904,207,8,2025-06-03,App Notification
905,55,2,2025-01-05,SMS
906,63,1,2025-11-27,App Notification
907,59,7,2025-10-12,SMS
908,222,6,2025-03-26,Email
909,174,3,2025-01-08,SMS
910,208,4,2025-10-18,App Notification
911,175,8,2025-08-21,SMS
912,96,8,2025-07-24,Email
913,290,8,2025-06-30,Email
914,118,6,2025-08-09,SMS
915,187,1,2025-08-17,Email
916,72,1,2025-07-08,Email
917,144,5,2025-10-11,Homepage Banner
918,11,8,2025-06-13,Homepage Banner
919,217,1,2025-01-27,App Notification
920,141,2,2025-09-02,Email
921,109,6,2025-07-08,Email
922,200,7,2025-11-07,SMS
923,16,1,2025-02-04,Email
924,138,8,2025-08-07,Homepage Banner
925,88,7,2025-11-06,Email
926,287,7,2025-10-28,Homepage Banner
927,261,8,2025-07-23,Email
928,130,4,2025-04-11,App Notification
929,204,5,2025-11-13,Homepage Banner
930,157,1,2025-08-03,Email
931,246,2,2025-03-31,Homepage Banner
932,218,2,2025-06-30,Email
933,299,5,2025-08-21,Email
934,71,4,2025-01-13,SMS
935,80,8,2025-07-14,App Notification
936,22,8,2025-06-10,SMS
937,20,2,2025-08-17,Email
938,160,6,2025-01-21,Homepage Banner
939,175,1,2025-02-14,SMS
940,283,7,2025-10-05,Homepage Banner
941,120,4,2025-09-21,App Notification
942,221,6,2025-06-23,App Notification
943,146,3,2025-04-19,Email
944,251,4,2025-07-24,App Notification
945,146,1,2025-12-27,App Notification
946,106,2,2025-08-18,SMS
947,99,3,2025-03-22,SMS
948,180,7,2025-10-25,App Notification
949,40,3,2025-06-29,Homepage Banner
950,120,8,2025-06-16,App Notification
951,130,6,2025-01-04,App Notification
952,222,8,2025-08-09,Homepage Banner
953,223,7,2025-10-05,Email
954,212,7,2025-11-10,Homepage Banner
955,114,1,2025-06-30,SMS
956,224,1,2025-07-14,Homepage Banner
957,197,4,2025-04-28,SMS
958,73,2,2025-07-29,SMS
959,102,1,2025-01-15,Homepage Banner
960,117,4,2025-07-05,Email
961,137,2,2025-01-28,Homepage Banner
962,122,2,2025-09-09,Email
963,114,6,2025-05-06,Email
964,10,6,2025-07-03,SMS
965,79,3,2025-07-17,Email
966,108,6,2025-05-02,Homepage Banner
967,230,6,2025-04-09,Homepage Banner
968,288,8,2025-06-30,Email
969,24,1,2025-12-16,SMS
970,100,6,2025-12-24,SMS
971,89,6,2025-08-19,SMS
972,201,5,2025-07-25,Homepage Banner
973,22,4,2025-06-09,Email
974,279,6,2025-04-21,Email
975,179,1,2025-01-13,Email
976,62,4,2025-06-04,SMS
977,270,2,2025-10-07,SMS
978,135,6,2025-12-26,Homepage Banner
979,132,8,2025-07-31,SMS
980,137,8,2025-07-19,App Notification
981,8,2,2025-03-29,SMS
982,60,3,2025-07-17,App Notification
983,15,7,2025-10-06,Homepage Banner
984,140,2,2025-09-24,Homepage Banner
985,7,8,2025-07-12,Email
986,240,7,2025-10-06,Homepage Banner
987,129,5,2025-03-16,Homepage Banner
988,229,6,2025-12-04,App Notification
989,269,3,2025-02-22,Email
990,152,8,2025-06-29,App Notification
991,200,8,2025-08-09,App Notification
992,196,7,2025-11-09,Email
993,117,2,2025-12-12,Email
994,152,4,2025-12-25,Homepage Banner
995,70,1,2025-06-21,Email
996,163,8,2025-08-29,Homepage Banner
997,88,7,2025-10-13,Homepage Banner
998,76,6,2025-01-29,SMS
999,96,7,2025-10-30,App Notification
1000,77,7,2025-10-08,Email
1001,229,2,2025-02-10,SMS
1002,229,1,2025-05-29,Homepage Banner
1003,39,8,2025-06-13,Email
1004,99,5,2025-08-15,App Notification
1005,192,1,2025-10-06,Homepage Banner
1006,279,8,2025-07-16,Homepage Banner
1007,62,8,2025-08-27,Email
1008,103,1,2025-08-26,Homepage Banner
1009,222,3,2025-10-05,Homepage Banner
1010,254,3,2025-05-27,Homepage Banner
1011,221,2,2025-04-23,App Notification
1012,68,1,2025-06-25,Email
1013,59,4,2025-08-17,Email
1014,31,7,2025-10-22,Homepage Banner
1015,258,1,2025-04-03,Email
1016,169,6,2025-01-24,Homepage Banner
1017,223,1,2025-09-05,SMS
1018,33,7,2025-10-09,Homepage Banner
1019,298,8,2025-07-23,Email
1020,276,1,2025-11-23,SMS
1021,15,8,2025-08-19,SMS
1022,124,7,2025-10-02,SMS
1023,40,2,2025-08-08,App Notification
1024,43,6,2025-10-31,Email
1025,7,7,2025-10-27,App Notification
1026,297,7,2025-10-10,App Notification
1027,52,6,2025-12-21,Homepage Banner
1028,203,2,2025-11-25,Email
1029,35,4,2025-06-19,Homepage Banner
1030,174,1,2025-06-28,Email
1031,63,8,2025-07-16,Email
1032,264,4,2025-02-08,Homepage Banner
1033,197,3,2025-03-07,Email
1034,298,2,2025-01-24,App Notification
1035,261,1,2025-12-20,Email
1036,101,1,2025-03-31,Email
1037,42,5,2025-04-21,Homepage Banner
1038,123,1,2025-04-23,SMS
1039,181,5,2025-12-03,App Notification
1040,49,7,2025-11-02,Email
1041,166,3,2025-01-29,Email
1042,212,3,2025-08-09,App Notification
1043,4,2,2025-07-04,SMS
1044,97,3,2025-05-14,Email
1045,206,6,2025-04-02,SMS
1046,232,1,2025-03-05,App Notification
1047,47,2,2025-04-08,SMS
1048,284,3,2025-03-26,Homepage Banner
1049,133,4,2025-11-14,SMS
1050,241,8,2025-08-18,Homepage Banner
1051,257,2,2025-12-20,Homepage Banner
1052,189,6,2025-06-01,Homepage Banner
1053,47,7,2025-10-06,App Notification
1054,188,4,2025-12-21,Email
1055,10,7,2025-10-19,Homepage Banner
1056,230,7,2025-11-09,SMS
1057,269,7,2025-10-05,App Notification
1058,6,5,2025-01-27,Homepage Banner
1059,296,6,2025-03-16,SMS
1060,252,7,2025-10-12,Email
1061,234,8,2025-08-02,SMS
1062,2,5,2025-10-18,App Notification
1063,219,7,2025-10-30,Homepage Banner
1064,224,6,2025-08-15,Homepage Banner
1065,89,5,2025-04-09,SMS
1066,55,8,2025-08-01,SMS
1067,92,4,2025-07-02,App Notification
1068,32,4,2025-05-29,Email
1069,183,5,2025-08-28,App Notification
1070,8,7,2025-11-12,SMS
1071,23,8,2025-08-10,Homepage Banner
1072,172,8,2025-06-11,Email
1073,261,3,2025-10-24,Email
1074,59,6,2025-04-27,SMS
1075,18,3,2025-08-10,SMS
1076,48,2,2025-02-28,Homepage Banner
1077,160,4,2025-09-18,SMS
1078,261,5,2025-11-21,Homepage Banner
1079,67,8,2025-06-02,Email
1080,157,1,2025-09-17,App Notification
1081,198,7,2025-10-07,SMS
1082,11,4,2025-11-06,SMS
1083,244,7,2025-11-02,Homepage Banner
1084,93,8,2025-07-13,SMS
1085,76,4,2025-06-26,SMS
1086,244,3,2025-05-09,Email
1087,195,3,2025-01-10,SMS
1088,134,1,2025-06-25,Email
1089,164,3,2025-08-04,App Notification
1090,228,7,2025-10-15,Email
1091,138,5,2025-07-07,App Notification
1092,136,2,2025-12-25,Homepage Banner
1093,96,5,2025-07-18,Email
1094,59,5,2025-03-25,Homepage Banner
1095,51,2,2025-12-14,SMS
1096,230,4,2025-03-09,Homepage Banner
1097,68,7,2025-10-22,SMS
1098,151,6,2025-12-21,Homepage Banner
1099,68,2,2025-01-28,App Notification
1100,15,1,2025-02-01,SMS
1101,28,6,2025-06-05,App Notification
1102,134,6,2025-08-16,Homepage Banner
1103,275,5,2025-05-19,SMS
1104,149,2,2025-04-18,SMS
1105,71,3,2025-01-28,App Notification
1106,144,5,2025-04-11,Email
1107,199,8,2025-08-27,SMS
1108,45,1,2025-11-03,SMS
1109,232,2,2025-08-15,SMS
1110,19,1,2025-11-04,App Notification
1111,106,2,2025-05-03,App Notification
1112,65,7,2025-11-14,SMS
1113,281,3,2025-07-29,App Notification
1114,294,3,2025-11-18,App Notification
1115,194,1,2025-03-16,App Notification
1116,112,2,2025-01-08,Homepage Banner
1117,115,3,2025-07-25,App Notification
1118,190,3,2025-05-27,Email
1119,84,5,2025-04-26,Email
1120,27,4,2025-02-12,Homepage Banner
1121,154,3,2025-02-25,Homepage Banner
1122,112,6,2025-08-30,Email
1123,117,3,2025-04-04,Email
1124,278,8,2025-06-10,App Notification
1125,232,1,2025-08-24,Homepage Banner
1126,243,8,2025-06-02,Homepage Banner
1127,244,8,2025-06-25,Homepage Banner
1128,258,5,2025-04-12,Homepage Banner
1129,295,3,2025-12-02,Email
1130,34,4,2025-09-04,SMS
1131,127,5,2025-01-16,Email
1132,176,4,2025-04-05,App Notification
1133,188,2,2025-03-20,App Notification
1134,100,3,2025-08-03,App Notification
1135,122,3,2025-07-28,Email
1136,252,3,2025-10-01,Homepage Banner
1137,57,3,2025-12-16,App Notification
1138,215,2,2025-03-12,SMS
1139,184,1,2025-12-06,SMS
1140,213,3,2025-05-20,App Notification
1141,135,4,2025-07-27,Homepage Banner
1142,5,2,2025-04-05,App Notification
1143,251,6,2025-02-04,Homepage Banner
1144,280,3,2025-07-08,App Notification
1145,242,8,2025-06-27,App Notification
1146,239,8,2025-08-02,Email
1147,45,1,2025-10-01,App Notification
1148,70,6,2025-01-21,Homepage Banner
1149,174,8,2025-08-27,App Notification
1150,226,8,2025-07-02,Email
1151,62,3,2025-02-16,Email
1152,184,6,2025-04-06,Homepage Banner
1153,100,7,2025-11-09,Homepage Banner
1154,9,3,2025-11-01,Homepage Banner
1155,167,4,2025-10-13,Email
1156,202,1,2025-07-25,Email
1157,55,7,2025-10-27,Homepage Banner
1158,155,2,2025-05-14,SMS
1159,287,7,2025-10-20,SMS
1160,280,1,2025-05-18,Homepage Banner
1161,31,8,2025-08-02,SMS
1162,53,3,2025-07-07,Homepage Banner
1163,204,8,2025-08-08,Homepage Banner
1164,37,7,2025-11-10,Email
1165,75,7,2025-10-29,SMS
1166,106,5,2025-01-24,App Notification
1167,253,8,2025-06-20,App Notification
1168,157,4,2025-12-14,Homepage Banner
1169,80,3,2025-07-27,Homepage Banner
1170,23,5,2025-10-21,Homepage Banner
1171,209,1,2025-11-08,SMS
1172,75,3,2025-10-06,Email
1173,180,7,2025-10-08,App Notification
1174,117,5,2025-05-13,App Notification
1175,288,1,2025-02-19,SMS
1176,178,5,2025-10-17,App Notification
1177,244,6,2025-05-17,Homepage Banner
1178,195,2,2025-12-29,App Notification
1179,34,2,2025-09-20,Email
1180,92,8,2025-07-21,Email
1181,266,7,2025-10-13,Homepage Banner
1182,251,7,2025-10-19,SMS
1183,217,3,2025-04-24,Email
1184,279,7,2025-10-18,App Notification
1185,166,7,2025-11-10,SMS
1186,265,7,2025-10-26,SMS
1187,227,8,2025-07-11,Homepage Banner
1188,34,3,2025-05-11,Homepage Banner
1189,176,3,2025-12-26,App Notification
1190,293,1,2025-07-11,App Notification
1191,265,4,2025-04-23,Homepage Banner
1192,271,5,2025-12-14,SMS
1193,38,5,2025-11-15,Email
1194,258,4,2025-03-21,App Notification
1195,238,5,2025-07-26,Email
1196,24,5,2025-12-28,App Notification
1197,300,8,2025-06-24,Email
1198,50,7,2025-10-13,Email
1199,153,3,2025-02-25,App Notification
1200,136,2,2025-05-20,Homepage Banner
